{"timestamps": [1493675025.632719, 1493675032.404466], "initial_reset_timestamp": 1493675018.708064, "episode_types": ["t", "t", "t"], "episode_lengths": [200, 200], "episode_rewards": [-1063.4963616145324, -1671.472036115666]}